{"Dolly": [-287.2270202636719, 184.04391479492188, -33.5637321472168, 13.669386863708496, 13.157195091247559, -14.050443649291992, -18.73811912536621, -4.491536617279053, -3.5753090381622314, -16.549989700317383, 0.9103853702545166, -6.8386759757995605, -12.096198081970215], "Reporter": [-295.1711730957031, 188.40673828125, -20.92038917541504, 23.80668830871582, 9.484492301940918, -12.000267028808594, -10.636382102966309, 1.5260032415390015, 3.9866857528686523, -16.80328941345215, 1.717663049697876, 9.3248291015625, -3.5830368995666504]}